{
  "generated_at": "2026-03-28 11:18:36",
  "collection": "yhct_chunks_v2_full_emb",
  "vector_dim": 1024,
  "sample_n": 1000,
  "norm_stats": {
    "min": 0.9999998807907104,
    "p25": 0.9999999403953552,
    "median": 1.0,
    "p75": 1.0,
    "max": 1.0000001192092896,
    "mean": 0.999999981880188,
    "std": 3.140344684610526e-08
  },
  "pairwise_cosine_stats": {
    "min": 0.19313208758831024,
    "p05": 0.3494030237197876,
    "p25": 0.42387017607688904,
    "median": 0.483385294675827,
    "p75": 0.5446568131446838,
    "p95": 0.6311399936676025,
    "max": 1.000000238418579,
    "mean": 0.4857877790927887,
    "std": 0.08602257072925568
  },
  "nearest_neighbor_cosine_stats": {
    "p05": 0.6189870238304138,
    "p25": 0.6736356019973755,
    "median": 0.7238937020301819,
    "p75": 0.7719666361808777,
    "p95": 0.8456164598464966,
    "mean": 0.7283440232276917
  },
  "synthetic_eval": {
    "n": 120,
    "topk": 5,
    "hit_rate": 0.625,
    "mrr": 0.4730555555555556
  },
  "search_speed_ms": {
    "no_filter": {
      "median_ms": 4.09359500008577,
      "p90_ms": 5.82726909997291,
      "min_ms": 3.6868199999844364,
      "max_ms": 7.346814999891649
    },
    "filter_txt_non_noise": {
      "median_ms": 4.095430500001385,
      "p90_ms": 4.495442600318711,
      "min_ms": 3.7676749998354353,
      "max_ms": 7.471745999737323
    }
  }
}