{
  "generated_at": "2026-03-02 08:54:13",
  "collection": "yhct_chunks_v2_full_emb",
  "vector_dim": 1024,
  "sample_n": 1000,
  "norm_stats": {
    "min": 0.9999998807907104,
    "p25": 0.9999999403953552,
    "median": 1.0,
    "p75": 1.0,
    "max": 1.0000001192092896,
    "mean": 0.9999999840855598,
    "std": 3.230280308756772e-08
  },
  "pairwise_cosine_stats": {
    "min": 0.1924796998500824,
    "p05": 0.3545369505882263,
    "p25": 0.4200979471206665,
    "median": 0.46815723180770874,
    "p75": 0.5237250328063965,
    "p95": 0.6214573979377747,
    "max": 1.000000238418579,
    "mean": 0.47556427121162415,
    "std": 0.08086483180522919
  },
  "nearest_neighbor_cosine_stats": {
    "p05": 0.6161546111106873,
    "p25": 0.6776442527770996,
    "median": 0.7243807911872864,
    "p75": 0.7718034982681274,
    "p95": 0.870518684387207,
    "mean": 0.728162944316864
  },
  "synthetic_eval": {
    "n": 120,
    "topk": 5,
    "hit_rate": 0.5,
    "mrr": 0.37902777777777785
  },
  "search_speed_ms": {
    "no_filter": {
      "median_ms": 3.710248500283342,
      "p90_ms": 4.0870097998777055,
      "min_ms": 3.4642959999473533,
      "max_ms": 6.413012999473722
    },
    "filter_pdf_non_noise": {
      "median_ms": 3.870701500090945,
      "p90_ms": 4.080679099388362,
      "min_ms": 3.6578339986590436,
      "max_ms": 9.789650001039263
    }
  }
}