{
  "generated_at": "2026-03-15 17:36:05",
  "collection": "yhct_chunks_v2_full_emb",
  "vector_dim": 1024,
  "sample_n": 1000,
  "norm_stats": {
    "min": 0.9999998807907104,
    "p25": 0.9999999403953552,
    "median": 1.0,
    "p75": 1.0,
    "max": 1.0000001192092896,
    "mean": 0.999999981880188,
    "std": 3.140344684610526e-08
  },
  "pairwise_cosine_stats": {
    "min": 0.19313208758831024,
    "p05": 0.3494030237197876,
    "p25": 0.42387017607688904,
    "median": 0.483385294675827,
    "p75": 0.5446568131446838,
    "p95": 0.6311399936676025,
    "max": 1.000000238418579,
    "mean": 0.4857877790927887,
    "std": 0.08602257072925568
  },
  "nearest_neighbor_cosine_stats": {
    "p05": 0.6189870238304138,
    "p25": 0.6736356019973755,
    "median": 0.7238937020301819,
    "p75": 0.7719666361808777,
    "p95": 0.8456164598464966,
    "mean": 0.7283440232276917
  },
  "synthetic_eval": {
    "n": 120,
    "topk": 5,
    "hit_rate": 0.625,
    "mrr": 0.46083333333333343
  },
  "search_speed_ms": {
    "no_filter": {
      "median_ms": 4.478883502088138,
      "p90_ms": 5.171206399609218,
      "min_ms": 4.054162000102224,
      "max_ms": 7.954184999107383
    },
    "filter_txt_non_noise": {
      "median_ms": 4.852824500630959,
      "p90_ms": 5.463871399479103,
      "min_ms": 4.200944000331219,
      "max_ms": 10.355883001466282
    }
  }
}