{
  "generated_at": "2026-03-10 05:12:57",
  "collection": "yhct_chunks_v2_full_emb",
  "vector_dim": 1024,
  "sample_n": 1000,
  "norm_stats": {
    "min": 0.9999998807907104,
    "p25": 0.9999999403953552,
    "median": 1.0,
    "p75": 1.0,
    "max": 1.0000001192092896,
    "mean": 0.9999999827742576,
    "std": 3.1846901706607007e-08
  },
  "pairwise_cosine_stats": {
    "min": 0.15529610216617584,
    "p05": 0.349870502948761,
    "p25": 0.4200493395328522,
    "median": 0.4738924503326416,
    "p75": 0.5343158841133118,
    "p95": 0.6264727115631104,
    "max": 1.000000238418579,
    "mean": 0.4793980121612549,
    "std": 0.08411998301744461
  },
  "nearest_neighbor_cosine_stats": {
    "p05": 0.6117063760757446,
    "p25": 0.6709988117218018,
    "median": 0.7198220491409302,
    "p75": 0.7649200558662415,
    "p95": 0.8347598910331726,
    "mean": 0.7212904095649719
  },
  "synthetic_eval": {
    "n": 120,
    "topk": 5,
    "hit_rate": 0.5916666666666667,
    "mrr": 0.4734722222222223
  },
  "search_speed_ms": {
    "no_filter": {
      "median_ms": 3.5857599996234057,
      "p90_ms": 4.371282599277038,
      "min_ms": 3.2580970000708476,
      "max_ms": 7.928713999717729
    },
    "filter_txt_non_noise": {
      "median_ms": 3.6246785002731485,
      "p90_ms": 4.774280900528538,
      "min_ms": 3.1270310009858804,
      "max_ms": 8.836289000100805
    }
  }
}