{
  "generated_at": "2026-03-09 10:23:35",
  "collection": "yhct_chunks_v2_full_emb",
  "vector_dim": 1024,
  "sample_n": 1000,
  "norm_stats": {
    "min": 0.9999998807907104,
    "p25": 0.9999999403953552,
    "median": 1.0,
    "p75": 1.0,
    "max": 1.0000001192092896,
    "mean": 0.999999981701374,
    "std": 3.0552889745791814e-08
  },
  "pairwise_cosine_stats": {
    "min": 0.16533319652080536,
    "p05": 0.34782442450523376,
    "p25": 0.41553282737731934,
    "median": 0.4684297740459442,
    "p75": 0.5274638533592224,
    "p95": 0.6228826642036438,
    "max": 1.000000238418579,
    "mean": 0.4745449125766754,
    "std": 0.08348418772220612
  },
  "nearest_neighbor_cosine_stats": {
    "p05": 0.6196635365486145,
    "p25": 0.6720522046089172,
    "median": 0.7234507203102112,
    "p75": 0.772076427936554,
    "p95": 0.8777265548706055,
    "mean": 0.7292593121528625
  },
  "synthetic_eval": {
    "n": 120,
    "topk": 5,
    "hit_rate": 0.525,
    "mrr": 0.35236111111111107
  },
  "search_speed_ms": {
    "no_filter": {
      "median_ms": 3.465879500254232,
      "p90_ms": 3.765368400127045,
      "min_ms": 3.186890000506537,
      "max_ms": 4.790828001205227
    },
    "filter_txt_non_noise": {
      "median_ms": 3.5197499992136727,
      "p90_ms": 3.9210997996633523,
      "min_ms": 3.278764999777195,
      "max_ms": 7.179543001257116
    }
  }
}