{
  "generated_at": "2026-02-24 09:29:11",
  "collection": "yhct_chunks_v2_full_emb",
  "vector_dim": 1024,
  "norm_mean": 1.0,
  "norm_std": 3.521217095681095e-08,
  "pairwise_mean": 0.5188071727752686
}