{
  "generated_at": "2026-02-22 03:38:08",
  "collection": "yhct_chunks_v2_full",
  "vector_dim": 1024,
  "sample_n": 1000,
  "norm_stats": {
    "min": 0.0,
    "p25": 0.9999999403953552,
    "median": 1.0,
    "p75": 1.0,
    "max": 1.0000001192092896,
    "mean": 0.9760000109672546,
    "std": 0.1530490219593048
  },
  "pairwise_cosine_stats": {
    "min": 0.0,
    "p05": 0.20865796506404877,
    "p25": 0.42955976724624634,
    "median": 0.4886329174041748,
    "p75": 0.5574658513069153,
    "p95": 0.6655195355415344,
    "max": 1.0000001192092896,
    "mean": 0.4752378463745117,
    "std": 0.14525583386421204
  },
  "nearest_neighbor_cosine_stats": {
    "p05": 0.5963453054428101,
    "p25": 0.7234236598014832,
    "median": 0.7788984179496765,
    "p75": 0.8306566476821899,
    "p95": 0.9062743186950684,
    "mean": 0.7595908045768738
  },
  "synthetic_eval": {
    "n": 120,
    "topk": 5,
    "hit_rate": 0.5083333333333333,
    "mrr": 0.37791666666666673
  },
  "search_speed_ms": {
    "no_filter": {
      "median_ms": 5.000175000077434,
      "p90_ms": 5.929939199722867,
      "min_ms": 4.437563999999838,
      "max_ms": 6.69343800018396
    },
    "filter_pdf_non_noise": {
      "median_ms": 52.21546349957862,
      "p90_ms": 56.49702269984118,
      "min_ms": 47.28469300061988,
      "max_ms": 56.73109300005308
    }
  }
}