{
  "generated_at": "2026-02-25 10:04:12",
  "collection": "yhct_chunks_v2_full_emb",
  "vector_dim": 1024,
  "sample_n": 1000,
  "norm_stats": {
    "min": 0.9999998807907104,
    "p25": 0.9999999403953552,
    "median": 1.0,
    "p75": 1.0,
    "max": 1.0000001192092896,
    "mean": 0.9999999821186065,
    "std": 3.307923537614729e-08
  },
  "pairwise_cosine_stats": {
    "min": 0.2085300087928772,
    "p05": 0.3865828514099121,
    "p25": 0.4461400806903839,
    "median": 0.4906436800956726,
    "p75": 0.5521661043167114,
    "p95": 0.6527504920959473,
    "max": 1.0000003576278687,
    "mean": 0.5030021667480469,
    "std": 0.08202268928289413
  },
  "nearest_neighbor_cosine_stats": {
    "p05": 0.6378671526908875,
    "p25": 0.7097594738006592,
    "median": 0.7465869784355164,
    "p75": 0.7856194972991943,
    "p95": 0.8902015686035156,
    "mean": 0.752468466758728
  },
  "synthetic_eval": {
    "n": 120,
    "topk": 5,
    "hit_rate": 0.375,
    "mrr": 0.3016666666666667
  },
  "search_speed_ms": {
    "no_filter": {
      "median_ms": 4.640884500986431,
      "p90_ms": 5.661744299140992,
      "min_ms": 4.01545100248768,
      "max_ms": 7.72828200206277
    },
    "filter_pdf_non_noise": {
      "median_ms": 5.175276499358006,
      "p90_ms": 6.27475159963069,
      "min_ms": 4.402561000460992,
      "max_ms": 11.143935000291094
    }
  }
}