{
  "generated_at": "2026-03-07 08:09:58",
  "collection": "yhct_chunks_v2_full_emb",
  "vector_dim": 1024,
  "sample_n": 1000,
  "norm_stats": {
    "min": 0.9999998807907104,
    "p25": 0.9999999403953552,
    "median": 1.0,
    "p75": 1.0,
    "max": 1.0000001192092896,
    "mean": 0.9999999817609787,
    "std": 3.064652670340337e-08
  },
  "pairwise_cosine_stats": {
    "min": 0.18486882746219635,
    "p05": 0.3478598892688751,
    "p25": 0.41796866059303284,
    "median": 0.47282618284225464,
    "p75": 0.532939612865448,
    "p95": 0.6261045336723328,
    "max": 1.000000238418579,
    "mean": 0.4780169725418091,
    "std": 0.08445359021425247
  },
  "nearest_neighbor_cosine_stats": {
    "p05": 0.6138536334037781,
    "p25": 0.6796677112579346,
    "median": 0.7260543704032898,
    "p75": 0.7733958959579468,
    "p95": 0.8656072616577148,
    "mean": 0.730122447013855
  },
  "synthetic_eval": {
    "n": 120,
    "topk": 5,
    "hit_rate": 0.475,
    "mrr": 0.352638888888889
  },
  "search_speed_ms": {
    "no_filter": {
      "median_ms": 4.02007399861759,
      "p90_ms": 4.4435163003072375,
      "min_ms": 3.706190000229981,
      "max_ms": 7.3563680016377475
    },
    "filter_txt_non_noise": {
      "median_ms": 4.181756998150377,
      "p90_ms": 5.006502202377305,
      "min_ms": 3.5072499995294493,
      "max_ms": 10.550947998126503
    }
  }
}