{
  "generated_at": "2026-03-19 10:34:39",
  "collection": "yhct_chunks_v2_full_emb",
  "vector_dim": 1024,
  "sample_n": 1000,
  "norm_stats": {
    "min": 0.9999998807907104,
    "p25": 0.9999999403953552,
    "median": 1.0,
    "p75": 1.0,
    "max": 1.0000001192092896,
    "mean": 0.999999981880188,
    "std": 3.140344684610526e-08
  },
  "pairwise_cosine_stats": {
    "min": 0.19313208758831024,
    "p05": 0.3494030237197876,
    "p25": 0.42387017607688904,
    "median": 0.483385294675827,
    "p75": 0.5446568131446838,
    "p95": 0.6311399936676025,
    "max": 1.000000238418579,
    "mean": 0.4857877790927887,
    "std": 0.08602257072925568
  },
  "nearest_neighbor_cosine_stats": {
    "p05": 0.6189870238304138,
    "p25": 0.6736356019973755,
    "median": 0.7238937020301819,
    "p75": 0.7719666361808777,
    "p95": 0.8456164598464966,
    "mean": 0.7283440232276917
  },
  "synthetic_eval": {
    "n": 120,
    "topk": 5,
    "hit_rate": 0.6166666666666667,
    "mrr": 0.4638888888888889
  },
  "search_speed_ms": {
    "no_filter": {
      "median_ms": 3.718247498909477,
      "p90_ms": 3.8363062996722874,
      "min_ms": 3.4523470003477996,
      "max_ms": 6.5874040010385215
    },
    "filter_txt_non_noise": {
      "median_ms": 3.6612129997593,
      "p90_ms": 4.404196799987403,
      "min_ms": 3.405081000892096,
      "max_ms": 5.621645999781322
    }
  }
}